{"d1": 0.011829870792262227, "d2": 0.03168648136881529, "d3": 0.060839422364952045, "abs_rel": 5.511015383601189, "sq_rel": 378.07711643218994, "rmse": 63.49865196228027, "rmse_log": 1.8497648012638093, "log10": 0.7604218901693821, "silog": 1.4280275332927703, "_timestamp": 1655746872, "_runtime": 18, "_step": 0, "_wandb": {"runtime": 25}}