{"d1": 0.02346340801101178, "d2": 0.051683702326845375, "d3": 0.08842885652557016, "abs_rel": 4.752336483597755, "sq_rel": 310.46932174682615, "rmse": 59.61577301979065, "rmse_log": 1.7254568228125573, "log10": 0.70231170758605, "silog": 1.3296105247735976, "_timestamp": 1655735155, "_runtime": 55, "_step": 0, "_wandb": {"runtime": 98}}