{"d1": 0.6344039876572788, "d2": 0.8910508232563734, "d3": 0.9685627435147762, "abs_rel": 0.2698282845504582, "sq_rel": 2.2942420472204685, "rmse": 6.512957605719566, "rmse_log": 0.2741644337028265, "log10": 0.0965738352201879, "silog": 0.2331523412838578, "_timestamp": 1655449271, "_runtime": 319, "_step": 7, "_wandb": {"runtime": 328}}