{"d1": 0.5775317309051752, "d2": 0.7409996416419744, "d3": 0.8426921785622835, "abs_rel": 0.2431104798987508, "sq_rel": 3.660524887442589, "rmse": 12.325238515138626, "rmse_log": 0.46885577037930487, "log10": 0.13643508037552238, "silog": 0.4343365301936865, "_timestamp": 1655452195, "_runtime": 105, "_step": 2}