{"d1": 0.44314657917246225, "d2": 0.7743114951625466, "d3": 0.9310330662876367, "abs_rel": 0.33889673437923196, "sq_rel": 2.804599928855896, "rmse": 8.82959677696228, "rmse_log": 0.37101581644266846, "log10": 0.13110880210995673, "silog": 0.35555624078959225, "_timestamp": 1655761459, "_runtime": 78, "_step": 1}