{"d1": 0.3276910270252847, "d2": 0.7817350182682276, "d3": 0.8886408096551895, "abs_rel": 0.27792716648429633, "sq_rel": 2.9463639058172704, "rmse": 10.6610682117939, "rmse_log": 0.42850282628089187, "log10": 0.153534979140386, "silog": 0.35225277721881865, "_timestamp": 1655449951, "_runtime": 649, "_step": 15, "_wandb": {"runtime": 655}}