{"d1": 0.7665774022042752, "d2": 0.8960352578014136, "d3": 0.9568580974638462, "abs_rel": 0.19451605556532742, "sq_rel": 2.398238325417042, "rmse": 7.040403990149498, "rmse_log": 0.25822782471776007, "log10": 0.07084008833393454, "silog": 0.25041372269392015, "_timestamp": 1655765933, "_runtime": 4439, "_step": 84, "_wandb": {"runtime": 4489}}