{"d1": 0.6841918409243226, "d2": 0.8697722271829843, "d3": 0.9523577488958835, "abs_rel": 0.23416237039491533, "sq_rel": 2.2667506413161753, "rmse": 7.5079070687294, "rmse_log": 0.290934983342886, "log10": 0.09174873858690262, "silog": 0.27765386428683997, "_timestamp": 1655451478, "_runtime": 107, "_step": 2}