{"d1": 0.864998662173748, "d2": 0.9671118597686291, "d3": 0.989461380392313, "abs_rel": 0.11645635797642172, "sq_rel": 0.8408486475422978, "rmse": 4.872787211537361, "rmse_log": 0.16808225344866515, "log10": 0.04731357857584953, "silog": 0.1626336532458663, "_timestamp": 1655569217, "_runtime": 1008, "_step": 18}