{"d1": 0.7592126282304525, "d2": 0.9300492472946644, "d3": 0.9858533200621605, "abs_rel": 0.1722834720276296, "sq_rel": 1.3896908896416427, "rmse": 6.151100397706032, "rmse_log": 0.21815451784059406, "log10": 0.06655127236619592, "silog": 0.20514617145061492, "_timestamp": 1655451968, "_runtime": 63, "_step": 1}