{"d1": 0.8170895113050938, "d2": 0.9498228877782822, "d3": 0.9869028055667877, "abs_rel": 0.1340894553810358, "sq_rel": 0.9868795520067215, "rmse": 6.196396774053573, "rmse_log": 0.1991863963752985, "log10": 0.0627119102422148, "silog": 0.1834283335879445, "_timestamp": 1655568175, "_runtime": 131, "_step": 2}