{"d1": 0.8437614589929581, "d2": 0.9677116498351097, "d3": 0.9919575527310371, "abs_rel": 0.1154972305521369, "sq_rel": 0.8490974456071854, "rmse": 5.855870306491852, "rmse_log": 0.17495731450617313, "log10": 0.05189967015758157, "silog": 0.16742615774273872, "_timestamp": 1655457733, "_runtime": 20, "_step": 20, "_wandb": {"runtime": 21}}