{"d1": 0.6991122761368751, "d2": 0.886106930077076, "d3": 0.9563792964816094, "abs_rel": 0.20611957201734185, "sq_rel": 1.8885493248701095, "rmse": 7.818661050796509, "rmse_log": 0.2747132574021816, "log10": 0.08431545685976743, "silog": 0.26885119765996934, "_timestamp": 1655456639, "_runtime": 193, "_step": 4}