{"d1": 0.8579109907150269, "d2": 0.9698105528950691, "d3": 0.9917626827955246, "abs_rel": 0.12214895896613598, "sq_rel": 0.9134232811629772, "rmse": 5.111970543861389, "rmse_log": 0.16757156886160374, "log10": 0.048731900518760085, "silog": 0.15988008212298155, "_timestamp": 1655457817, "_runtime": 20, "_step": 20, "_wandb": {"runtime": 21}}