{"d1": 0.8756485423445701, "d2": 0.974926693290472, "d3": 0.9948166723549366, "abs_rel": 0.10387218281626702, "sq_rel": 0.6637803437933326, "rmse": 4.684749027490616, "rmse_log": 0.15369692791253328, "log10": 0.04370138910599053, "silog": 0.1503864842094481, "_timestamp": 1655726730, "_runtime": 5455, "_step": 100, "_wandb": {"runtime": 5456}}