{"d1": 0.8627962327003479, "d2": 0.9612934863567353, "d3": 0.9886573822796345, "abs_rel": 0.10718738820403814, "sq_rel": 0.7758614541776478, "rmse": 5.2193673402071, "rmse_log": 0.17142250591889024, "log10": 0.04784376933705062, "silog": 0.16539725314825773, "_timestamp": 1655720937, "_runtime": 25, "_step": 0}