{"d1": 0.7585431462526322, "d2": 0.9379052580893039, "d3": 0.9823841486871242, "abs_rel": 0.15202249184250832, "sq_rel": 1.0831725265085697, "rmse": 6.275847437381745, "rmse_log": 0.22666663445532323, "log10": 0.07266388801857829, "silog": 0.20579138258472085, "_timestamp": 1655747213, "_runtime": 21, "_step": 0, "_wandb": {"runtime": 22}}