{"d1": 0.8479586467891932, "d2": 0.9581498837471009, "d3": 0.9892813743650913, "abs_rel": 0.12048832836560905, "sq_rel": 0.9070633994787931, "rmse": 5.627316324710846, "rmse_log": 0.17962878629565238, "log10": 0.05072950201109052, "silog": 0.1755015522055328, "_timestamp": 1655461260, "_runtime": 398, "_step": 7}