{"d1": 0.013334968644048786, "d2": 0.035664515377866336, "d3": 0.06834495712188073, "abs_rel": 4.9651136070489885, "sq_rel": 335.52898853302, "rmse": 62.42596121788025, "rmse_log": 1.7719725677371025, "log10": 0.727263620197773, "silog": 1.3722863331437112, "_timestamp": 1655735331, "_runtime": 122, "_step": 2, "_wandb": {"runtime": 129}}