{"d1": 0.29674958158284426, "d2": 0.5225047767162323, "d3": 0.650510970428586, "abs_rel": 0.39823872432112695, "sq_rel": 6.159927790760994, "rmse": 14.957436757087708, "rmse_log": 0.7831518749147653, "log10": 0.2577275764942169, "silog": 0.7006735464185476, "_timestamp": 1655761319, "_runtime": 22, "_step": 0, "_wandb": {"runtime": 22}}