{"d1": 0.7640884693711996, "d2": 0.9291445696353913, "d3": 0.9795784333348274, "abs_rel": 0.1916902323625982, "sq_rel": 1.8267343831062317, "rmse": 6.233301150798797, "rmse_log": 0.22580096613615752, "log10": 0.06953133422415704, "silog": 0.202848264798522, "_timestamp": 1655721071, "_runtime": 76, "_step": 1}