{"d1": 0.8627961599826812, "d2": 0.9612936000525951, "d3": 0.9886573822796345, "abs_rel": 0.10718738740310073, "sq_rel": 0.7758614077232778, "rmse": 5.219367327690125, "rmse_log": 0.17142250556498767, "log10": 0.04784377104602754, "silog": 0.16539724919945, "_timestamp": 1655469678, "_runtime": 92, "_step": 0, "_wandb": {"runtime": 94}}