{"d1": 0.0, "d2": 0.0, "d3": 0.0, "abs_rel": 0.9339703044295311, "sq_rel": 15.575147817134857, "rmse": 20.33489075422287, "rmse_log": 2.927330041527748, "log10": 1.2461970669031144, "silog": 2.110025626718998, "_timestamp": 1655739905, "_runtime": 72, "_step": 1, "_wandb": {"runtime": 80}}