{"d1": 0.8346403566002846, "d2": 0.9667448836565018, "d3": 0.9919881080091, "abs_rel": 0.1504799936711788, "sq_rel": 0.8567768483608961, "rmse": 4.807426095604897, "rmse_log": 0.18333524618297814, "log10": 0.0607268350571394, "silog": 0.17316988660022617, "_timestamp": 1655567982, "_runtime": 5448, "_step": 100, "_wandb": {"runtime": 5449}}