{"d1": 0.46362518426030874, "d2": 0.7805306725203991, "d3": 0.8891414381563664, "abs_rel": 0.26484402470290663, "sq_rel": 3.0459567354619503, "rmse": 10.958464250564575, "rmse_log": 0.412776442207396, "log10": 0.13760373951867222, "silog": 0.3695277644693851, "_timestamp": 1655454524, "_runtime": 840, "_step": 20, "_wandb": {"runtime": 842}}