{"d1": 0.8620286509394646, "d2": 0.9658186584711075, "d3": 0.9926541894674301, "abs_rel": 0.11016139667481184, "sq_rel": 0.804675929248333, "rmse": 5.371715545654297, "rmse_log": 0.1665751412510872, "log10": 0.047442188020795584, "silog": 0.16020562499761581, "_timestamp": 1655457789, "_runtime": 19, "_step": 18}