{"d1": 0.8646313491463661, "d2": 0.9623449455201626, "d3": 0.9888785080611706, "abs_rel": 0.106801420385018, "sq_rel": 0.7689232387766242, "rmse": 5.1624240365624425, "rmse_log": 0.16996717646718026, "log10": 0.04734648607205599, "silog": 0.16433834990486504, "_timestamp": 1655462373, "_runtime": 1102, "_step": 20, "_wandb": {"runtime": 1103}}