{"d1": 0.011832615994771914, "d2": 0.03170329735716223, "d3": 0.06087359093711711, "abs_rel": 5.512835813760757, "sq_rel": 378.22129562377927, "rmse": 63.51550577163696, "rmse_log": 1.8483509093523025, "log10": 0.7599248273670673, "silog": 1.424664792716503, "_timestamp": 1655739367, "_runtime": 68, "_step": 1, "_wandb": {"runtime": 118}}