{"d1": 0.8627960875630378, "d2": 0.9612936000525951, "d3": 0.9886573822796345, "abs_rel": 0.1071873838454485, "sq_rel": 0.7758614026010037, "rmse": 5.219367319345475, "rmse_log": 0.17142250386998056, "log10": 0.04784376961644739, "silog": 0.16539724744856357, "_timestamp": 1655469504, "_runtime": 92, "_step": 0, "_wandb": {"runtime": 93}}