{"d1": 0.764085436835885, "d2": 0.9291434033215046, "d3": 0.9795778150856495, "abs_rel": 0.19169244339689612, "sq_rel": 1.826767567358911, "rmse": 6.233351833820343, "rmse_log": 0.22580257687717675, "log10": 0.06953203366138042, "silog": 0.20284930849447846, "_timestamp": 1655721231, "_runtime": 79, "_step": 1, "_wandb": {"runtime": 98}}